Txn Date,Value Date,Description,Ref No./Cheque No.,Debit,Credit,Balance
02-Jan-16,02-Jan-16,   ATM WDL-ATM CASH 1626  SBI AWADHPURI BRANCH  BHOPAL--,,"2,000.00", ,"6,222.75"
03-Jan-16,03-Jan-16,   POS PRCH-POS ET4211813779 FREECHARGE            MUMBAI--,,80, ,"6,142.75"
07-Jan-16,07-Jan-16,   CSH DEP (CDM)-Cash Deposit in CDM--,, ,800,"6,942.75"
07-Jan-16,07-Jan-16,   POS PRCH-POS ET4220778184 FREECHARGE            MUMBAI--,,400, ,"6,542.75"
11-Jan-16,11-Jan-16,   BY TRANSFER-NEFT*HDFC0000001*N011160121068532*SANJAY CHOUDHARY--,TRANSFER FROM 3199410044308, ,100,"6,642.75"
11-Jan-16,11-Jan-16,   BY TRANSFER-NEFT*HDFC0000001*N011160121152896*SANJAY CHOUDHARY--,TRANSFER FROM 3199410044308, ,"20,000.00","26,642.75"
19-Jan-16,19-Jan-16,   TO TRANSFER-INB Avenues India Pvt. Ltd--,CCADA1YVC604IG0BIHTLZ7               TRANSFER TO 4,"2,590.00", ,"24,052.75"
21-Jan-16,21-Jan-16,   ATM WDL-ATM CASH 6460  BDA ROAD               BHOPAL--,,500, ,"23,552.75"
23-Jan-16,23-Jan-16,   ATM WDL-ATM CASH 438   SBI AWADHPURI BRANCH  BHOPAL--,,500, ,"23,052.75"
25-Jan-16,25-Jan-16,   POS PRCH-POS 201615562792 PAYU-www.payu.in       NewDELH--,,20, ,"23,032.75"
31-Jan-16,31-Jan-16,   TO TRANSFER-INB Avenues India Pvt. Ltd--,CCADA2ACL763IG0BKEJUJ2               TRANSFER TO 4,50, ,"22,982.75"
31-Jan-16,31-Jan-16,   TO TRANSFER-INB Avenues India Pvt. Ltd--,CCADA2ACM729IG0BKEKOA1               TRANSFER TO 4,50, ,"22,932.75"
01-Feb-16,01-Feb-16,"   ATM WDL-ATM CASH 6958  ZONE-II,MP NAGAR      BHOPAL--",,"3,500.00", ,"19,432.75"
01-Feb-16,01-Feb-16,   BY TRANSFER-INB Refund of IG0BKEJUJ2--,CCADA2ACL7631IXD1860038               TRANSFER FRO, ,50,"19,482.75"
07-Feb-16,07-Feb-16,   TO TRANSFER-INB Avenues India Pvt. Ltd--,CCADB1AXP441IG0BLHXLM5               TRANSFER TO 4,46, ,"19,436.75"
09-Feb-16,09-Feb-16,   TO TRANSFER-INB IRCTC-RAILWAY TICKET BOOK Railway Ticket Booki--,100000433033492IG0BLRMSA5               TRANSFER T,417.9, ,"19,018.85"
09-Feb-16,09-Feb-16,   TO TRANSFER-INB IRCTC-RAILWAY TICKET BOOK Railway Ticket Booki--,100000433033535IG0BLRNVO6               TRANSFER T,452.9, ,"18,565.95"
11-Feb-16,11-Feb-16,   DEBIT-ICM43954350000000IG0BLRMSA5Commission on IRCTC--,,11.45, ,"18,554.50"
11-Feb-16,11-Feb-16,   DEBIT-ICM44033610000000IG0BLRNVO6Commission on IRCTC--,,11.45, ,"18,543.05"
11-Feb-16,11-Feb-16,   TO TRANSFER-INB Avenues India Pvt. Ltd--,CCADB1BIH807IG0BLXVSH6               TRANSFER TO 4,50, ,"18,493.05"
12-Feb-16,12-Feb-16,   BY TRANSFER-NEFT*HDFC0000001*N043160129206947*SANJAY CHOUDHARY--,TRANSFER FROM 3199410044308, ,"3,000.00","21,493.05"
14-Feb-16,14-Feb-16,   TO TRANSFER-INB Avenues India Pvt. Ltd--,CCADB1BPE174IG0BMHOKO2               TRANSFER TO 4,80, ,"21,413.05"
18-Feb-16,18-Feb-16,   ATM WDL-ATM CASH 1477  SOUMYAA SHOPING COMPLE BHOPAL--,,600, ,"20,813.05"
20-Feb-16,20-Feb-16,   TO TRANSFER-INB Avenues India Pvt. Ltd--,CCADB1CFY168IG0BNFXCP9               TRANSFER TO 4,"2,884.00", ,"17,929.05"
21-Feb-16,21-Feb-16,   TO TRANSFER-INB IRCTC-RAILWAY TICKET BOOK Railway Ticket Booki--,100000441362885IG0BNJYKM1               TRANSFER T,407.9, ,"17,521.15"
21-Feb-16,21-Feb-16,   POS PRCH-POS FT4306631207 FREECHARGE            MUMBAI--,,60, ,"17,461.15"
21-Feb-16,21-Feb-16,   TO TRANSFER-INB Avenues India Pvt. Ltd--,CCADB1CJN969IG0BNKBRZ6               TRANSFER TO 4,60, ,"17,401.15"
23-Feb-16,23-Feb-16,   ATM WDL-ATM CASH 8271  SBI  AWADHPURI BHOPAL BHOPAL--,,"1,000.00", ,"16,401.15"
24-Feb-16,24-Feb-16,   DEBIT-ICM57430770000000IG0BNJYKM1Commission on IRCTC--,,11.45, ,"16,389.70"
25-Feb-16,25-Feb-16,   TO TRANSFER-INB Avenues India Pvt. Ltd--,105036162389IG0BNXXYZ4               TRANSFER TO 4,60, ,"16,329.70"
25-Feb-16,25-Feb-16,   ATM WDL-ATM CASH 2015  SBI  HET ONSITE 2ND   BHOPAL--,,"2,500.00", ,"13,829.70"
25-Feb-16,25-Feb-16,   ATM WDL-ATM CASH 2017  SBI  HET ONSITE 2ND   BHOPAL--,,"3,000.00", ,"10,829.70"
26-Feb-16,26-Feb-16,"   ATM WDL-ATM CASH 1832  SBI  SBI M P NAGAR, Z BHOPAL--",,500, ,"10,329.70"
28-Feb-16,28-Feb-16,   TO TRANSFER-INB IRCTC-RAILWAY TICKET BOOK Railway Ticket Booki--,100000447159415IG0BOKFMK2               TRANSFER T,132.9, ,"10,196.80"
28-Feb-16,28-Feb-16,   TO TRANSFER-INB Avenues India Pvt. Ltd--,105036709501IG0BOKIGB9               TRANSFER TO 4,80, ,"10,116.80"
28-Feb-16,28-Feb-16,   TO TRANSFER-INB Avenues India Pvt. Ltd--,105036720293IG0BOKODU7               TRANSFER TO 4,38, ,"10,078.80"
29-Feb-16,29-Feb-16,   TO TRANSFER-INB Avenues India Pvt. Ltd--,CCADB1DGF204IG0BOMDAO3               TRANSFER TO 4,369, ,"9,709.80"
29-Feb-16,29-Feb-16,   BY TRANSFER-NEFT*HDFC0000001*N060160132622173*SANJAY CHOUDHARY--,TRANSFER FROM 3199681044308, ,"7,000.00","16,709.80"
29-Feb-16,29-Feb-16,   TO TRANSFER-INB Avenues India Pvt. Ltd--,105036941573IG0BOONLR7               TRANSFER TO 4,80, ,"16,629.80"
01-Mar-16,01-Mar-16,   DEBIT-ICM66004470000000IG0BOKFMK2Commission on IRCTC--,,11.45, ,"16,618.35"
01-Mar-16,01-Mar-16,   TO TRANSFER-INB Avenues India Pvt. Ltd--,105037138134IG0BOSRXG5               TRANSFER TO 4,48, ,"16,570.35"
01-Mar-16,01-Mar-16,   TO TRANSFER-INB Avenues India Pvt. Ltd--,105037196369IG0BOTXYF8               TRANSFER TO 4,510, ,"16,060.35"
02-Mar-16,02-Mar-16,   ATM WDL-ATM CASH 943   SBI  AWADHPURI BHOPAL BHOPAL--,,"7,000.00", ,"9,060.35"
06-Mar-16,06-Mar-16,   TO TRANSFER-INB Avenues India Pvt. Ltd--,105037981961IG0BPLDJM1               TRANSFER TO 4,400, ,"8,660.35"
09-Mar-16,09-Mar-16,   BY TRANSFER-IMPS18/606921909985/XXXXXXX597--,TRANSFER FROM 3199904044308, ,399,"9,059.35"
12-Mar-16,12-Mar-16,   TO TRANSFER-INB Avenues India Pvt. Ltd--,CCADC1EQL712IG0BQHBBW4               TRANSFER TO 4,80, ,"8,979.35"
19-Mar-16,19-Mar-16,   POS PRCH-POS FT4365374793 FREECHARGE            MUMBAI--,,"2,120.00", ,"6,859.35"
19-Mar-16,19-Mar-16,"   ATM WDL-ATM CASH 4915  SBI  SBI M P NAGAR, Z BHOPAL--",,500, ,"6,359.35"
19-Mar-16,19-Mar-16,   TO TRANSFER-INB One97 Communication Ltd--,5024922722IG0BRITWG9               TRANSFER TO 326,249, ,"6,110.35"
20-Mar-16,20-Mar-16,   DEBIT- CHARGES FOR SMS - QUARTERLY--,,15, ,"6,095.35"
21-Mar-16,21-Mar-16,   ATM WDL-ATM CASH 3586  SBI BHEL THRIFT SOCI  BHOPAL--,,400, ,"5,695.35"
25-Mar-16,25-Mar-16,   TO TRANSFER-INB Avenues India Pvt. Ltd--,CCADC1GAE572IG0BSBWPR3               TRANSFER TO 4,50, ,"5,645.35"
29-Mar-16,29-Mar-16,   POS PRCH-POS 032970023075 WWW ACCOUNT FREECHARGE GURGAON--,,120, ,"5,525.35"
30-Mar-16,30-Mar-16,   TO TRANSFER-INB Flipkart Internet Private--,PZT16033000362047466IG0BSRASG2               TRANS,322, ,"5,203.35"
31-Mar-16,31-Mar-16,   POS PRCH-POS 033114681653 Loylty Rewardz_SBIePay SBIPG--,,9.29, ,"5,194.06"
31-Mar-16,31-Mar-16,   BY TRANSFER-NEFT*UTIB0000013*AXISP16091118643*CLUES NETWORK PR--,TRANSFER FROM 3199682044307, ,290,"5,484.06"
01-Apr-16,01-Apr-16,   POS PRCH-POS FT4391901241 FREECHARGE            MUMBAI--,,50, ,"5,434.06"
02-Apr-16,02-Apr-16,   BY TRANSFER-NEFT*UTIB0000013*AXISP16093117172*CLUES NETWORK PR--,TRANSFER FROM 3199410044308, ,365,"5,799.06"
03-Apr-16,03-Apr-16,   TO TRANSFER-INB Avenues India Pvt. Ltd--,CCADD1GWD505IG0BTGAOS6               TRANSFER TO 4,"1,796.00", ,"4,003.06"
03-Apr-16,03-Apr-16,   CSH DEP (CDM)-Cash Deposit in CDM--,, ,"1,000.00","5,003.06"
07-Apr-16,07-Apr-16,   POS PRCH-POS 040770072193 WWW ACCOUNT FREECHARGE GURGAON--,,398, ,"4,605.06"
07-Apr-16,07-Apr-16,   POS PRCH-POS 040770088224 WWW ACCOUNT FREECHARGE GURGAON--,,50, ,"4,555.06"
07-Apr-16,07-Apr-16,   POS PRCH-POS FT4404420125 FREECHARGE            MUMBAI--,,400, ,"4,155.06"
08-Apr-16,08-Apr-16,   CSH DEP (CDM)-Cash Deposit in CDM--,, ,"1,500.00","5,655.06"
09-Apr-16,09-Apr-16,   TO TRANSFER-INB One97 Communication Ltd--,5285085994IG0BUERXJ1               TRANSFER TO 326,107, ,"5,548.06"
11-Apr-16,11-Apr-16,   ATM WDL-ATM CASH 5110  SBI  HET ONSITE 2ND   BHOPAL--,,500, ,"5,048.06"
15-Apr-16,15-Apr-16,   POS PRCH-POS 041400005378 PUNJAB BOOT HOUSE      BHOPAL--,,"1,185.00", ,"3,863.06"
17-Apr-16,17-Apr-16,   POS PRCH-POS 041640155855 WWW ACCOUNT FREECHARGE GURGAON--,,10, ,"3,853.06"
17-Apr-16,17-Apr-16,   POS PRCH-POS 041640152817 WWW ACCOUNT FREECHARGE GURGAON--,,520, ,"3,333.06"
17-Apr-16,17-Apr-16,   CSH DEP (CDM)-Cash Deposit in CDM--,, ,"1,300.00","4,633.06"
19-Apr-16,19-Apr-16,   TO TRANSFER-INB Avenues India Pvt. Ltd--,CCADD2ILD921IG0BVNONF6               TRANSFER TO 4,80, ,"4,553.06"
19-Apr-16,19-Apr-16,BY CLEARING / CHEQUE-DTB   0000000000000000000000000000ByClearing822999--822999,822999, ,499,"5,052.06"
19-Apr-16,19-Apr-16,   BY TRANSFER---,TRANSFER FROM 10495787702                         , ,"9,000.00","14,052.06"
21-Apr-16,21-Apr-16,   TO TRANSFER-INB Avenues India Pvt. Ltd--,CCADD2ISF980IG0BVXZMN8               TRANSFER TO 4,"2,132.00", ,"11,920.06"
21-Apr-16,21-Apr-16,   CSH DEP (CDM)-Cash Deposit in CDM--,, ,600,"12,520.06"
22-Apr-16,22-Apr-16,   POS PRCH-POS 042215782062 FreeCharge             MUMBAI--,,50, ,"12,470.06"
27-Apr-16,27-Apr-16,   ATM WDL-ATM CASH 1603  BDA ROAD              BHOPAL--,,"2,000.00", ,"10,470.06"
27-Apr-16,27-Apr-16,   TO TRANSFER-INB IRCTC-RAILWAY TICKET BOOK Railway Ticket Booki--,100000494886422IG0BWUEAV4               TRANSFER T,142.9, ,"10,327.16"
29-Apr-16,29-Apr-16,   DEBIT-ICN34541970000000IG0BWUEAV4Commission on IRCTC--,,11.45, ,"10,315.71"
30-Apr-16,30-Apr-16,   CSH DEP (CDM)-Cash Deposit in CDM--,, ,"1,000.00","11,315.71"
02-May-16,02-May-16,   CSH DEP (CDM)-Cash Deposit in CDM--,, ,600,"11,915.71"
03-May-16,03-May-16,   ATM WDL-ATM CASH 4992  BDA ROAD              BHOPAL--,,100, ,"11,815.71"
04-May-16,04-May-16,   ATM WDL-ATM CASH 5447  BDA ROAD              BHOPAL--,,100, ,"11,715.71"
05-May-16,05-May-16,   POS PRCH-POS 700719 FreeCharge            MUMBAI--,,400, ,"11,315.71"
06-May-16,06-May-16,   ATM WDL-ATM CASH 6255  BDA ROAD              BHOPAL--,,200, ,"11,115.71"
08-May-16,08-May-16,   POS PRCH-POS 016602 FreeCharge            MUMBAI--,,50, ,"11,065.71"
11-May-16,11-May-16,   CSH DEP (CDM)-Cash Deposit in CDM--,, ,500,"11,565.71"
11-May-16,11-May-16,   TO TRANSFER-INB Avenues India Pvt. Ltd--,105052436657IG0BYWWOK8               TRANSFER TO 4,110, ,"11,455.71"
15-May-16,15-May-16,   ATM WDL-ATM CASH 4403  SBI  SHIVAJI NAGAR BH BHOPAL--,,700, ,"10,755.71"
16-May-16,16-May-16,   TO TRANSFER-INB Avenues India Pvt. Ltd--,105053866705IG0BZOZLV8               TRANSFER TO 4,50, ,"10,705.71"
19-May-16,19-May-16,   ATM WDL-ATM CASH 1338  SBI  HET ONSIT        BHOPAL--,,100, ,"10,605.71"
19-May-16,19-May-16,   TO TRANSFER-INB Avenues India Pvt. Ltd--,105054884812IG0CACKBP8               TRANSFER TO 4,80, ,"10,525.71"
19-May-16,19-May-16,   TO TRANSFER-INB One97 Communications Ltd--,5583626926IG0CACLLI8               TRANSFER TO 326,"2,947.00", ,"7,578.71"
20-May-16,20-May-16,   CSH DEP (CDM)-Cash Deposit in CDM--,, ,"1,500.00","9,078.71"
20-May-16,20-May-16,   ATM WDL-ATM CASH 1686  SBI  HET ONSIT        BHOPAL--,,300, ,"8,778.71"
23-May-16,23-May-16,"   ATM WDL-ATM CASH 2340  SBI  SBI M P NAGAR, Z BHOPAL--",,100, ,"8,678.71"
26-May-16,26-May-16,   TO TRANSFER-INB SBI EPAY--,3883380424641IG0CBCTST3               TRANSFER TO ,613.74, ,"8,064.97"
26-May-16,26-May-16,   CSH DEP (CDM)-Cash Deposit in CDM--,, ,"3,000.00","11,064.97"
26-May-16,26-May-16,   ATM WDL-ATM CASH 7641  SBI  THANA HABIBGANJ  BHOPAL--,,200, ,"10,864.97"
26-May-16,26-May-16,   ATM WDL-ATM CASH 61472 M.P. NAGAR ZONE 11 NEARBHOPAL--,,200, ,"10,664.97"
27-May-16,27-May-16,   TO TRANSFER-INB Institute of Banking Pers IBPS Payments--,FSBI4506920117IG0CBFWYQ4               TRANSFER TO,613.74, ,"10,051.23"
28-May-16,28-May-16,   TO TRANSFER-INB One97 Communication Ltd--,5609589034IG0CBJZVW7               TRANSFER TO 326,820, ,"9,231.23"
28-May-16,28-May-16,   ATM WDL-ATM CASH 7542  SOUMYAA SHOPING COMPLEBHOPAL--,,300, ,"8,931.23"
30-May-16,30-May-16,   BY TRANSFER-INB Refund of IG0CBCTST3---,38833804246411IXE3641833               TRANSFER FR, ,613.74,"9,544.97"
30-May-16,30-May-16,   TO TRANSFER-INB One97 Communications Limi--,105058242561IG0CBTTKY5               TRANSFER TO 4,400, ,"9,144.97"
30-May-16,30-May-16,   ATM WDL-ATM CASH 5720  INTUCH BRANCH MP NAGARHUZUR--,,300, ,"8,844.97"
31-May-16,31-May-16,   ATM WDL-ATM CASH 61521 SHAPURA CAMPION SCHOOL BHOPAL--,,300, ,"8,544.97"
31-May-16,31-May-16,   ATM WDL-ATM CASH 7301  E-CORNER SBI M.P. NAGABHOPAL--,,200, ,"8,344.97"
09-Jun-16,09-Jun-16,   POS PRCH-POS GU4533754394 FREECHARGE            MUMBAI--,,67.7, ,"6,054.27"
09-Jun-16,09-Jun-16,   CSH DEP (CDM)-Cash Deposit in CDM--,, ,"1,100.00","7,154.27"
10-Jun-16,10-Jun-16,   POS PRCH-POS GU4535991851 FREECHARGE            MUMBAI--,,80, ,"7,074.27"
10-Jun-16,10-Jun-16,   TO TRANSFER-INB Accelyst Solutions Pvt Lt--,CCADF1AJV423IG0CDMDOL6               TRANSFER TO 4,12, ,"7,062.27"
11-Jun-16,11-Jun-16,   DEBIT- CHARGES FOR SMS - QUARTERLY--,,15, ,"7,047.27"
13-Jun-16,13-Jun-16,   POS PRCH-POS GU4541096848 FREECHARGE            MUMBAI--,,80, ,"6,967.27"
16-Jun-16,16-Jun-16,   TO TRANSFER-INB One97 Communications Limi--,105064781627IG0CEJUQA1               TRANSFER TO 4,26, ,"6,941.27"
17-Jun-16,17-Jun-16,   BY TRANSFER-Transfer through GCC--,TRANSFER FROM 10495787702                         , ,"11,000.00","17,941.27"
17-Jun-16,17-Jun-16,   TO TRANSFER-INB One97 Communications Ltd--,5678361273IG0CENIAP1               TRANSFER TO 326,"2,796.00", ,"15,145.27"
24-Jun-16,24-Jun-16,   ATM WDL-ATM CASH 7292  BDA ROAD              BHOPAL--,,200, ,"14,945.27"
25-Jun-16,25-Jun-16,   CREDIT INTEREST---,, ,241,"15,186.27"
26-Jun-16,26-Jun-16,   POS PRCH-POS 345983 Paytm                 Noida--,,400, ,"14,786.27"
26-Jun-16,26-Jun-16,   ATM WDL-ATM CASH 8140  BDA ROAD              BHOPAL--,,300, ,"14,486.27"
26-Jun-16,26-Jun-16,   POS PRCH-POS 062616309312 PayTM                  SBIPG--,,80, ,"14,406.27"
27-Jun-16,27-Jun-16,   POS PRCH-POS 617920001863 IRCTC--,,224.5, ,"14,181.77"
28-Jun-16,28-Jun-16,   TO TRANSFER-INB One97 Communications Limi--,105069056387IG0CFZEVT9               TRANSFER TO 4,50, ,"14,131.77"
28-Jun-16,28-Jun-16,   TO TRANSFER-INB Freecharge.in             FREECHARGE Payments--,GSBI4572049913IG0CGAXTW0               TRANSFER TO,159, ,"13,972.77"
28-Jun-16,28-Jun-16,   TO TRANSFER-INB Freecharge.in             FREECHARGE Payments--,GSBI4572055263IG0CGAYAL5               TRANSFER TO,80, ,"13,892.77"
30-Jun-16,30-Jun-16,   ATM WDL-ATM CASH 9997  BDA ROAD              BHOPAL--,,700, ,"13,192.77"
30-Jun-16,30-Jun-16,"   ATM WDL-ATM CASH 2553  ZONE-II,MP NAGAR      BHOPAL--",,100, ,"13,092.77"
30-Jun-16,30-Jun-16,   TO TRANSFER-INB IRCTC-RAILWAY TICKET BOOK Railway Ticket Booki--,100000545011581IG0CGLEUF3               TRANSFER T,428, ,"12,664.77"
02-Jul-16,02-Jul-16,   DEBIT-ICO08405730000000IG0CGLEUF3Commission on IRCTC--,,11.5, ,"12,653.27"
02-Jul-16,02-Jul-16,   BY TRANSFER-INB Refund of IG0CGLEUF3---,1000005450115811000001091IXE7257892               , ,285,"12,938.27"
02-Jul-16,02-Jul-16,   POS PRCH-POS 555191 PAYTM                 NOIDA--,,410, ,"12,528.27"
02-Jul-16,02-Jul-16,"   ATM WDL-ATM CASH 4138  SBI  SHOP NO15,16 ZON BHOPAL--",,700, ,"11,828.27"
03-Jul-16,03-Jul-16,   TO TRANSFER-INB One97 Communications Limi--,105071322269IG0CGVTST9               TRANSFER TO 4,100, ,"11,728.27"
04-Jul-16,04-Jul-16,   POS PRCH-POS 750069 WWW ACCOUNT FREECHARGEGURGAON--,,400, ,"11,328.27"
05-Jul-16,05-Jul-16,   CSH DEP (CDM)-Cash Deposit in CDM--,, ,"1,000.00","12,328.27"
06-Jul-16,06-Jul-16,   TO TRANSFER-INB PayU Payments Private Lim--,5827393601IG0CHIFAX5               TRANSFER TO 459,"4,000.00", ,"8,328.27"
06-Jul-16,06-Jul-16,   BY TRANSFER-NEFT*HDFC0000001*N188160167644822*NIDHI CHOUDHARY--,TRANSFER FROM 3199412044307, ,900,"9,228.27"
08-Jul-16,08-Jul-16,   ATM WDL-ATM CASH 61901 BHARTI WALLMART        BHOPAL--,,"5,000.00", ,"4,228.27"
11-Jul-16,11-Jul-16,   ATM WDL-ATM CASH 5875  SBI AWADHPURI BRANCH  BHOPAL--,,"4,000.00", ,228.27
17-Jul-16,17-Jul-16,   CSH DEP (CDM)-Cash Deposit in CDM--,, ,"5,000.00","5,228.27"
17-Jul-16,17-Jul-16,   TO TRANSFER-INB IRCTC-RAILWAY TICKET BOOK Railway Ticket Booki--,100000558483735IG0CIZZRD5               TRANSFER T,578, ,"4,650.27"
17-Jul-16,17-Jul-16,   CSH DEP (CDM)-Cash Deposit in CDM--,, ,"1,000.00","5,650.27"
17-Jul-16,17-Jul-16,   ATM WDL-ATM CASH 9404  SBI  HET ONSITE 2ND   BHOPAL--,,400, ,"5,250.27"
18-Jul-16,18-Jul-16,   TO TRANSFER-INB IRCTC-RAILWAY TICKET BOOK Railway Ticket Booki--,100000559417406IG0CJEMHM4               TRANSFER T,243, ,"5,007.27"
19-Jul-16,19-Jul-16,   DEBIT-ICO28456430000000IG0CIZZRD5Commission on IRCTC--,,11.5, ,"4,995.77"
20-Jul-16,20-Jul-16,   DEBIT-ICO29609310000000IG0CJEMHM4Commission on IRCTC--,,11.5, ,"4,984.27"
20-Jul-16,20-Jul-16,   TO TRANSFER-INB One97 Communications Ltd--,5791965036IG0CJMJPO5               TRANSFER TO 326,"2,877.00", ,"2,107.27"
21-Jul-16,21-Jul-16,   ATM WDL-ATM CASH 2982  SBI  SONAGIRI         BHOPAL--,,400, ,"1,707.27"
24-Jul-16,24-Jul-16,   POS PRCH-POS GU4627682846 IDEA                  MUMBAI--,,670, ,"1,037.27"
24-Jul-16,24-Jul-16,   POS PRCH-POS 072310156949 PayTM                  SBIPG--,,186, ,851.27
24-Jul-16,24-Jul-16,   TO TRANSFER-INB One97 Communications Limi--,105079784320IG0CKCAMB4               TRANSFER TO 4,140, ,711.27
27-Jul-16,27-Jul-16,   TO TRANSFER-INB One97 Communications Limi--,105080712831IG0CKLIQX7               TRANSFER TO 4,100, ,611.27
27-Jul-16,27-Jul-16,   ATM WDL-ATM CASH 217   SBI  SHIVAJI NAGAR BH BHOPAL--,,200, ,411.27
28-Jul-16,28-Jul-16,   TO TRANSFER-INB One97 Communications Limi--,105081178331IG0CKPWVV9               TRANSFER TO 4,154, ,257.27
30-Jul-16,30-Jul-16,   POS PRCH-POS GU4642322741 FREECHARGE            MUMBAI--,,151, ,106.27
04-Aug-16,04-Aug-16,   BY TRANSFER-Transfer through GCC--,TRANSFER FROM 10495787702                         , ,"22,000.00","22,106.27"
10-Aug-16,10-Aug-16,   TO TRANSFER-INB One97 Communications Limi--,105086786177IG0CMPQBE1               TRANSFER TO 4,130, ,"21,976.27"
12-Aug-16,12-Aug-16,   TO TRANSFER-INB One97 Communications Limi--,105087643898IG0CMYGDW7               TRANSFER TO 4,150, ,"21,826.27"
16-Aug-16,16-Aug-16,   TO TRANSFER-INB IRCTC-RAILWAY TICKET BOOK Railway Ticket Booki--,100000580707273IG0CNPIUZ4               TRANSFER T,273, ,"21,553.27"
17-Aug-16,17-Aug-16,   POS PRCH-POS GU4684640787 FREECHARGE            MUMBAI--,,150, ,"21,403.27"
18-Aug-16,18-Aug-16,   ATM WDL-ATM CASH 5973  BDA ROAD              BHOPAL--,,"3,500.00", ,"17,903.27"
18-Aug-16,18-Aug-16,   BY TRANSFER-NEFT*HDFC0000001*N231160179322283*SANJAY CHOUDHARY--,TRANSFER FROM 3199414044305, ,500,"18,403.27"
18-Aug-16,18-Aug-16,   TO TRANSFER-INB One97 Communications Limi--,105090567823IG0CNXTYW0               TRANSFER TO 4,400, ,"18,003.27"
19-Aug-16,19-Aug-16,   DEBIT-ICO61105820000000IG0CNPIUZ4Commission on IRCTC--,,11.5, ,"17,991.77"
19-Aug-16,19-Aug-16,   TO TRANSFER-INB One97 Communication Ltd--,5891685854IG0COAEZB1               TRANSFER TO 326,559, ,"17,432.77"
22-Aug-16,22-Aug-16,   TO TRANSFER-INB One97 Communications Limi--,105092120816IG0COMHMX3               TRANSFER TO 4,90, ,"17,342.77"
22-Aug-16,22-Aug-16,   TO TRANSFER-INB One97 Communications Ltd--,5903070094IG0CONJMN7               TRANSFER TO 326,"1,265.00", ,"16,077.77"
23-Aug-16,23-Aug-16,"   ATM WDL-ATM CASH 62361 SH.NO.5,SAMANVAY NAGAR BHOPAL--",,200, ,"15,877.77"
26-Aug-16,26-Aug-16,   TO TRANSFER-INB IRCTC-RAILWAY TICKET BOOK Railway Ticket Booki--,100000588172064IG0CPDOQF6               TRANSFER T,483, ,"15,394.77"
28-Aug-16,28-Aug-16,   DEBIT-ICO71735200000000IG0CPDOQF6Commission on IRCTC--,,11.5, ,"15,383.27"
28-Aug-16,28-Aug-16,   TO TRANSFER-INB One97 Communications Limi--,105095172462IG0CPLJJW8               TRANSFER TO 4,50, ,"15,333.27"
03-Sep-16,03-Sep-16,   TO TRANSFER-INB Freecharge.in             FREECHARGE Payments--,GSBI4724772821IG0CQHXMV6               TRANSFER TO,50, ,"15,283.27"
03-Sep-16,03-Sep-16,   TO TRANSFER-INB One97 Communications Limi--,105098153854IG0CQIECF5               TRANSFER TO 4,38, ,"15,245.27"
03-Sep-16,03-Sep-16,   ATM WDL-ATM CASH 3495  HABIBGANJ RAILWAY     BHOPAL--,,500, ,"14,745.27"
05-Sep-16,05-Sep-16,   POS PRCH-POS 878606 WWW ACCOUNT FREECHARGEGURGAON--,,"1,000.00", ,"13,745.27"
06-Sep-16,06-Sep-16,   POS PRCH-POS 920894 HYPERCITY RETAIL  INDIBHOPAL--,,705, ,"13,040.27"
06-Sep-16,06-Sep-16,   ATM WDL-ATM CASH 152   SBI AWADHPURI BRANCH  BHOPAL--,,100, ,"12,940.27"
09-Sep-16,09-Sep-16,   ATM WDL-ATM CASH 9138  SBI VIJAY NAGAR MARK  BHOPAL--,,"2,000.00", ,"10,940.27"
12-Sep-16,12-Sep-16,   BY TRANSFER-Transfer through GCC--,TRANSFER FROM 10495787702                         , ,"10,500.00","21,440.27"
13-Sep-16,13-Sep-16,"   ATM WDL-ATM CASH 4863  SBI  PLANT AREA,BHEL. BHOPAL--",,"2,000.00", ,"19,440.27"
13-Sep-16,13-Sep-16,"   ATM WDL-ATM CASH 4878  SBI  PLANT AREA,BHEL. BHOPAL--",,200, ,"19,240.27"
14-Sep-16,14-Sep-16,   ATM WDL-ATM CASH 6182  SBI IOC AUTO HOUSE SECBHOPAL--,,400, ,"18,840.27"
14-Sep-16,14-Sep-16,   ATM WDL-ATM CASH 6183  SBI IOC AUTO HOUSE SECBHOPAL--,,100, ,"18,740.27"
14-Sep-16,14-Sep-16,   ATM WDL-ATM CASH 1226  SBI VIJAY NAGAR MARK  BHOPAL--,,500, ,"18,240.27"
14-Sep-16,14-Sep-16,"   ATM WDL-ATM CASH 7616  GANDHI MARKET,PIPLANI BHOPAL--",,500, ,"17,740.27"
16-Sep-16,16-Sep-16,   DEBIT- CHARGES FOR SMS - QUARTERLY--,,15, ,"17,725.27"
16-Sep-16,16-Sep-16,   TO TRANSFER-INB IRCTC-RAILWAY TICKET BOOK Railway Ticket Booki--,100000605319629IG0CSHTGF5               TRANSFER T,379.84, ,"17,345.43"
18-Sep-16,18-Sep-16,   DEBIT-ICO93444930000000IG0CSHTGF5Commission on IRCTC--,,11.5, ,"17,333.93"
19-Sep-16,19-Sep-16,   POS PRCH-POS 000240380840 AIRPLAZA RETAIL HOLDINGBHOPAL--,,872.04, ,"16,461.89"
20-Sep-16,20-Sep-16,"   ATM WDL-ATM CASH 9859  GANDHI MARKET,PIPLANI BHOPAL--",,600, ,"15,861.89"
20-Sep-16,20-Sep-16,"   ATM WDL-ATM CASH 9860  GANDHI MARKET,PIPLANI BHOPAL--",,400, ,"15,461.89"
21-Sep-16,21-Sep-16,   TO TRANSFER-INB One97 Communications Ltd--,6005890706IG0CSYBIC0               TRANSFER TO 326,"2,615.00", ,"12,846.89"
21-Sep-16,21-Sep-16,   ATM WDL-ATM CASH 4957  SBI  AWADHPURI BHOPAL BHOPAL--,,"2,000.00", ,"10,846.89"
21-Sep-16,21-Sep-16,   ATM WDL-ATM CASH 4989  SBI  AWADHPURI BHOPAL BHOPAL--,,500, ,"10,346.89"
23-Sep-16,23-Sep-16,   TO TRANSFER-INB IRCTC-RAILWAY TICKET BOOK Railway Ticket Booki--,100000613767612IG0CTHFHP5               TRANSFER T,428.92, ,"9,917.97"
23-Sep-16,23-Sep-16,   ATM WDL-ATM CASH 9469  BDA ROAD              BHOPAL--,,400, ,"9,517.97"
24-Sep-16,24-Sep-16,   ATM WDL-ATM CASH 9614  BDA ROAD              BHOPAL--,,500, ,"9,017.97"
25-Sep-16,25-Sep-16,   DEBIT-ICP00981180000000IG0CTHFHP5Commission on IRCTC--,,11.5, ,"9,006.47"
25-Sep-16,25-Sep-16,   CREDIT INTEREST---,, ,118,"9,124.47"
30-Sep-16,30-Sep-16,   ATM WDL-ATM CASH 4288  SBI AWADHPURI BRANCH  BHOPAL--,,200, ,"8,924.47"
01-Oct-16,01-Oct-16,   POS PRCH-POS 040017 SHRI SAI TYRES AND BATBHOPAL--,,220, ,"8,704.47"
03-Oct-16,03-Oct-16,   TO TRANSFER-INB Amazon Seller Services Pv ASSPL Payments--,HSBI4799579980IGAAADOZO3               TRANSFER TO,284.05, ,"8,420.42"
10-Oct-16,10-Oct-16,BY CLEARING / CHEQUE-DTB   0000000000000000000000000000ByClearing223855--223855,223855, ,745,"9,165.42"
14-Oct-16,14-Oct-16,   BY TRANSFER-NEFT*HDFC0000001*N287160196400623*SANJAY CHOUDHARY--,TRANSFER FROM 3199419044300, ,"10,000.00","19,165.42"
15-Oct-16,15-Oct-16,   TO TRANSFER-INB Xiaomi Communications and--,5892633632IGAACBEKX4               TRANSFER TO 459,500, ,"18,665.42"
16-Oct-16,16-Oct-16,   TO TRANSFER-INB Amazon Seller Services Pv ASSPL Payments--,HSBI4832008257IGAACDEWA4               TRANSFER TO,"1,034.00", ,"17,631.42"
17-Oct-16,17-Oct-16,   TO TRANSFER-INB Amazon Seller Services Pv ASSPL Payments--,HSBI4833471884IGAACGAOM6               TRANSFER TO,895, ,"16,736.42"
17-Oct-16,17-Oct-16,   BY TRANSFER-Transfer through GCC--,TRANSFER FROM 10495787702                         , ,"11,000.00","27,736.42"
18-Oct-16,18-Oct-16,   ATM WDL-ATM CASH 1374  SOUMYAA SHOPING COMPLEBHOPAL--,,100, ,"27,636.42"
19-Oct-16,19-Oct-16,   TO TRANSFER-INB Freecharge.in             FREECHARGE Payments--,HSBI4839226720IGAACPICU2               TRANSFER TO,89, ,"27,547.42"
19-Oct-16,19-Oct-16,   BY TRANSFER-NEFT*ICIC0SF0002*1063399325*SMARK TECHNOLOGIES--,TRANSFER FROM 3199683044306, ,"1,200.00","28,747.42"
19-Oct-16,19-Oct-16,   ATM WDL-ATM CASH 5873  SHIVAJI NAGAR BHOPAL  HUZUR--,,200, ,"28,547.42"
19-Oct-16,19-Oct-16,   ATM WDL-ATM CASH 9948  BDA ROAD              BHOPAL--,,100, ,"28,447.42"
21-Oct-16,21-Oct-16,   POS PRCH-POS 000258761662 FUTURE RETAIL LTD      BHOPAL--,,"3,134.00", ,"25,313.42"
21-Oct-16,21-Oct-16,   POS PRCH-POS 171655 PANTALOONS FASHION & RBHOPAL--,,804, ,"24,509.42"
21-Oct-16,21-Oct-16,   POS PRCH-POS 000258913443 AIRPLAZA RETAIL HOLDINGBHOPAL--,,306, ,"24,203.42"
22-Oct-16,22-Oct-16,   ATM WDL-ATM CASH 1135  BDA ROAD              BHOPAL--,,"1,000.00", ,"23,203.42"
23-Oct-16,23-Oct-16,   ATM WDL-ATM CASH 3103  KHAJURI KALAN PIPLUNI CBHOPAL--,,100, ,"23,103.42"
27-Oct-16,27-Oct-16,   TO TRANSFER-INB IRCTC-RAILWAY TICKET BOOK Railway Ticket Booki--,100000642311643IGAADYFWH5               TRANSFER T,973.05, ,"22,130.37"
28-Oct-16,28-Oct-16,   POS PRCH-POS 282844 SHANKAR MEDICAL STORESBHOPAL--,,"1,078.00", ,"21,052.37"
29-Oct-16,29-Oct-16,   DEBIT-ICP37159210000000IGAADYFWH5Commission on IRCTC--,,11.5, ,"21,040.87"
02-Nov-16,02-Nov-16,   BY TRANSFER-INB Refund of IGAADYFWH5---,1000006423116431000001258IXGAAJDXC7               , ,350,"21,390.87"
02-Nov-16,02-Nov-16,   TO TRANSFER-INB IRCTC-RAILWAY TICKET BOOK Railway Ticket Booki--,100000646980635IGAAETJVR2               TRANSFER T,"1,027.84", ,"20,363.03"
03-Nov-16,03-Nov-16,   TO TRANSFER-INB IRCTC-RAILWAY TICKET BOOK Railway Ticket Booki--,100000648229317IGAAEXQFV0               TRANSFER T,854.84, ,"19,508.19"
03-Nov-16,03-Nov-16,   TO TRANSFER-INB IRCTC-RAILWAY TICKET BOOK Railway Ticket Booki--,100000648229998IGAAEXTHK9               TRANSFER T,834.84, ,"18,673.35"
04-Nov-16,04-Nov-16,   DEBIT-ICP43842060000000IGAAETJVR2Commission on IRCTC--,,11.5, ,"18,661.85"
05-Nov-16,05-Nov-16,   DEBIT-ICP44843150000000IGAAEXQFV0Commission on IRCTC--,,11.5, ,"18,650.35"
05-Nov-16,05-Nov-16,   DEBIT-ICP45178390000000IGAAEXTHK9Commission on IRCTC--,,11.5, ,"18,638.85"
05-Nov-16,05-Nov-16,   BY TRANSFER-INB Refund of IGAAEXQFV0---,1000006482293172000002314IXGAAKIEJ1               , ,854.84,"19,493.69"
12-Nov-16,12-Nov-16,   CSH DEP (CDM)-CDMh04010s+HETBRANCHBNA         BHOPAL       MP IN--,, ,"2,000.00","21,493.69"
13-Nov-16,13-Nov-16,   POS PRCH-POS 995410 WWW ACCOUNT FREECHARGEGURGAON--,,100, ,"21,393.69"
17-Nov-16,17-Nov-16,   ATM WDL-ATM CASH 7815  SOUMYAA SHOPING COMPLEBHOPAL--,,500, ,"20,893.69"
18-Nov-16,18-Nov-16,   TO TRANSFER-INB One97 Communications Ltd--,6238866751IGAAHBGPD1               TRANSFER TO 326,"1,321.00", ,"19,572.69"
19-Nov-16,19-Nov-16,   ATM WDL-ATM CASH 6852  SBI  AWADHPURI BHOPAL BHOPAL--,,"1,000.00", ,"18,572.69"
20-Nov-16,20-Nov-16,   POS PRCH-POS 705379 Made Easy Education PvNew Delh--,,643, ,"17,929.69"
21-Nov-16,21-Nov-16,   TO TRANSFER-INB Freecharge.in             FREECHARGE Payments--,HSBI4913134838IGAAHNUXZ9               TRANSFER TO,10, ,"17,919.69"
26-Nov-16,26-Nov-16,   TO TRANSFER-INB IRCTC-RAILWAY TICKET BOOK Railway Ticket Booki--,100000666856719IGAAIELPS1               TRANSFER T,561.84, ,"17,357.85"
27-Nov-16,27-Nov-16,   DEBIT-ICP67545090000000IGAAIELPS1Commission on IRCTC--,,11.5, ,"17,346.35"
27-Nov-16,27-Nov-16,   POS PRCH-POS 662254 PayTm Mobile SolutionsNoida--,,300, ,"17,046.35"
29-Nov-16,29-Nov-16,   ATM WDL-ATM CASH 9555  SBI  AWADHPURI BHOPAL BHOPAL--,,500, ,"16,546.35"
01-Dec-16,01-Dec-16,   TO TRANSFER-INB One97 Communications Limi--,105149199884IGAAJBIHI5               TRANSFER TO 4,328, ,"16,218.35"
02-Dec-16,02-Dec-16,   TO TRANSFER-INB National Securities Depos NAT_SEC Payments--,HSBI4939214721IGAAJDCUY8               TRANSFER TO,111.6, ,"16,106.75"
02-Dec-16,02-Dec-16,   TO TRANSFER-INB IRCTC-RAILWAY TICKET BOOK Railway Ticket Booki--,100000672925387IGAAJFLLY7               TRANSFER T,571.84, ,"15,534.91"
03-Dec-16,03-Dec-16,   ATM WDL-ATM CASH 872   SBI AWADHPURI BRANCH  BHOPAL--,,300, ,"15,234.91"
04-Dec-16,04-Dec-16,   DEBIT-ICP75959440000000IGAAJFLLY7Commission on IRCTC--,,11.5, ,"15,223.41"
05-Dec-16,05-Dec-16,   ATM WDL-ATM CASH 8041  SBI AYODHYA NAGAR     BHOPAL--,,500, ,"14,723.41"
