Txn Date,Value Date,Description,Ref No./Cheque No.,Debit,Credit,Balance
28-Jun-16,28-Jun-16,   TO TRANSFER-INB One97 Communications Limi--,105069056387IG0CFZEVT9               TRANSFER TO 4,50, ,"14,131.77"
28-Jun-16,28-Jun-16,   TO TRANSFER-INB Freecharge.in             FREECHARGE Payments--,GSBI4572049913IG0CGAXTW0               TRANSFER TO,159, ,"13,972.77"
28-Jun-16,28-Jun-16,   TO TRANSFER-INB Freecharge.in             FREECHARGE Payments--,GSBI4572055263IG0CGAYAL5               TRANSFER TO,80, ,"13,892.77"
30-Jun-16,30-Jun-16,   ATM WDL-ATM CASH 9997  BDA ROAD              BHOPAL--,,700, ,"13,192.77"
30-Jun-16,30-Jun-16,"   ATM WDL-ATM CASH 2553  ZONE-II,MP NAGAR      BHOPAL--",,100, ,"13,092.77"
30-Jun-16,30-Jun-16,   TO TRANSFER-INB IRCTC-RAILWAY TICKET BOOK Railway Ticket Booki--,100000545011581IG0CGLEUF3               TRANSFER T,428, ,"12,664.77"
02-Jul-16,02-Jul-16,   DEBIT-ICO08405730000000IG0CGLEUF3Commission on IRCTC--,,11.5, ,"12,653.27"
02-Jul-16,02-Jul-16,   BY TRANSFER-INB Refund of IG0CGLEUF3---,1000005450115811000001091IXE7257892               , ,285,"12,938.27"
02-Jul-16,02-Jul-16,   POS PRCH-POS 555191 PAYTM                 NOIDA--,,410, ,"12,528.27"
02-Jul-16,02-Jul-16,"   ATM WDL-ATM CASH 4138  SBI  SHOP NO15,16 ZON BHOPAL--",,700, ,"11,828.27"
03-Jul-16,03-Jul-16,   TO TRANSFER-INB One97 Communications Limi--,105071322269IG0CGVTST9               TRANSFER TO 4,100, ,"11,728.27"
04-Jul-16,04-Jul-16,   POS PRCH-POS 750069 WWW ACCOUNT FREECHARGEGURGAON--,,400, ,"11,328.27"
05-Jul-16,05-Jul-16,   CSH DEP (CDM)-Cash Deposit in CDM--,, ,"1,000.00","12,328.27"
06-Jul-16,06-Jul-16,   TO TRANSFER-INB PayU Payments Private Lim--,5827393601IG0CHIFAX5               TRANSFER TO 459,"4,000.00", ,"8,328.27"
06-Jul-16,06-Jul-16,   BY TRANSFER-NEFT*HDFC0000001*N188160167644822*NIDHI CHOUDHARY--,TRANSFER FROM 3199412044307, ,900,"9,228.27"
08-Jul-16,08-Jul-16,   ATM WDL-ATM CASH 61901 BHARTI WALLMART        BHOPAL--,,"5,000.00", ,"4,228.27"
11-Jul-16,11-Jul-16,   ATM WDL-ATM CASH 5875  SBI AWADHPURI BRANCH  BHOPAL--,,"4,000.00", ,228.27
17-Jul-16,17-Jul-16,   CSH DEP (CDM)-Cash Deposit in CDM--,, ,"5,000.00","5,228.27"
17-Jul-16,17-Jul-16,   TO TRANSFER-INB IRCTC-RAILWAY TICKET BOOK Railway Ticket Booki--,100000558483735IG0CIZZRD5               TRANSFER T,578, ,"4,650.27"
17-Jul-16,17-Jul-16,   CSH DEP (CDM)-Cash Deposit in CDM--,, ,"1,000.00","5,650.27"
17-Jul-16,17-Jul-16,   ATM WDL-ATM CASH 9404  SBI  HET ONSITE 2ND   BHOPAL--,,400, ,"5,250.27"
18-Jul-16,18-Jul-16,   TO TRANSFER-INB IRCTC-RAILWAY TICKET BOOK Railway Ticket Booki--,100000559417406IG0CJEMHM4               TRANSFER T,243, ,"5,007.27"
19-Jul-16,19-Jul-16,   DEBIT-ICO28456430000000IG0CIZZRD5Commission on IRCTC--,,11.5, ,"4,995.77"
20-Jul-16,20-Jul-16,   DEBIT-ICO29609310000000IG0CJEMHM4Commission on IRCTC--,,11.5, ,"4,984.27"
20-Jul-16,20-Jul-16,   TO TRANSFER-INB One97 Communications Ltd--,5791965036IG0CJMJPO5               TRANSFER TO 326,"2,877.00", ,"2,107.27"
21-Jul-16,21-Jul-16,   ATM WDL-ATM CASH 2982  SBI  SONAGIRI         BHOPAL--,,400, ,"1,707.27"
24-Jul-16,24-Jul-16,   POS PRCH-POS GU4627682846 IDEA                  MUMBAI--,,670, ,"1,037.27"
24-Jul-16,24-Jul-16,   POS PRCH-POS 072310156949 PayTM                  SBIPG--,,186, ,851.27
24-Jul-16,24-Jul-16,   TO TRANSFER-INB One97 Communications Limi--,105079784320IG0CKCAMB4               TRANSFER TO 4,140, ,711.27
27-Jul-16,27-Jul-16,   TO TRANSFER-INB One97 Communications Limi--,105080712831IG0CKLIQX7               TRANSFER TO 4,100, ,611.27
27-Jul-16,27-Jul-16,   ATM WDL-ATM CASH 217   SBI  SHIVAJI NAGAR BH BHOPAL--,,200, ,411.27
28-Jul-16,28-Jul-16,   TO TRANSFER-INB One97 Communications Limi--,105081178331IG0CKPWVV9               TRANSFER TO 4,154, ,257.27
30-Jul-16,30-Jul-16,   POS PRCH-POS GU4642322741 FREECHARGE            MUMBAI--,,151, ,106.27
04-Aug-16,04-Aug-16,   BY TRANSFER-Transfer through GCC--,TRANSFER FROM 10495787702                         , ,"22,000.00","22,106.27"
10-Aug-16,10-Aug-16,   TO TRANSFER-INB One97 Communications Limi--,105086786177IG0CMPQBE1               TRANSFER TO 4,130, ,"21,976.27"
12-Aug-16,12-Aug-16,   TO TRANSFER-INB One97 Communications Limi--,105087643898IG0CMYGDW7               TRANSFER TO 4,150, ,"21,826.27"
16-Aug-16,16-Aug-16,   TO TRANSFER-INB IRCTC-RAILWAY TICKET BOOK Railway Ticket Booki--,100000580707273IG0CNPIUZ4               TRANSFER T,273, ,"21,553.27"
17-Aug-16,17-Aug-16,   POS PRCH-POS GU4684640787 FREECHARGE            MUMBAI--,,150, ,"21,403.27"
18-Aug-16,18-Aug-16,   ATM WDL-ATM CASH 5973  BDA ROAD              BHOPAL--,,"3,500.00", ,"17,903.27"
18-Aug-16,18-Aug-16,   BY TRANSFER-NEFT*HDFC0000001*N231160179322283*SANJAY CHOUDHARY--,TRANSFER FROM 3199414044305, ,500,"18,403.27"
18-Aug-16,18-Aug-16,   TO TRANSFER-INB One97 Communications Limi--,105090567823IG0CNXTYW0               TRANSFER TO 4,400, ,"18,003.27"
19-Aug-16,19-Aug-16,   DEBIT-ICO61105820000000IG0CNPIUZ4Commission on IRCTC--,,11.5, ,"17,991.77"
19-Aug-16,19-Aug-16,   TO TRANSFER-INB One97 Communication Ltd--,5891685854IG0COAEZB1               TRANSFER TO 326,559, ,"17,432.77"
22-Aug-16,22-Aug-16,   TO TRANSFER-INB One97 Communications Limi--,105092120816IG0COMHMX3               TRANSFER TO 4,90, ,"17,342.77"
22-Aug-16,22-Aug-16,   TO TRANSFER-INB One97 Communications Ltd--,5903070094IG0CONJMN7               TRANSFER TO 326,"1,265.00", ,"16,077.77"
23-Aug-16,23-Aug-16,"   ATM WDL-ATM CASH 62361 SH.NO.5,SAMANVAY NAGAR BHOPAL--",,200, ,"15,877.77"
26-Aug-16,26-Aug-16,   TO TRANSFER-INB IRCTC-RAILWAY TICKET BOOK Railway Ticket Booki--,100000588172064IG0CPDOQF6               TRANSFER T,483, ,"15,394.77"
28-Aug-16,28-Aug-16,   DEBIT-ICO71735200000000IG0CPDOQF6Commission on IRCTC--,,11.5, ,"15,383.27"
28-Aug-16,28-Aug-16,   TO TRANSFER-INB One97 Communications Limi--,105095172462IG0CPLJJW8               TRANSFER TO 4,50, ,"15,333.27"
03-Sep-16,03-Sep-16,   TO TRANSFER-INB Freecharge.in             FREECHARGE Payments--,GSBI4724772821IG0CQHXMV6               TRANSFER TO,50, ,"15,283.27"
03-Sep-16,03-Sep-16,   TO TRANSFER-INB One97 Communications Limi--,105098153854IG0CQIECF5               TRANSFER TO 4,38, ,"15,245.27"
03-Sep-16,03-Sep-16,   ATM WDL-ATM CASH 3495  HABIBGANJ RAILWAY     BHOPAL--,,500, ,"14,745.27"
05-Sep-16,05-Sep-16,   POS PRCH-POS 878606 WWW ACCOUNT FREECHARGEGURGAON--,,"1,000.00", ,"13,745.27"
06-Sep-16,06-Sep-16,   POS PRCH-POS 920894 HYPERCITY RETAIL  INDIBHOPAL--,,705, ,"13,040.27"
06-Sep-16,06-Sep-16,   ATM WDL-ATM CASH 152   SBI AWADHPURI BRANCH  BHOPAL--,,100, ,"12,940.27"
09-Sep-16,09-Sep-16,   ATM WDL-ATM CASH 9138  SBI VIJAY NAGAR MARK  BHOPAL--,,"2,000.00", ,"10,940.27"
12-Sep-16,12-Sep-16,   BY TRANSFER-Transfer through GCC--,TRANSFER FROM 10495787702                         , ,"10,500.00","21,440.27"
13-Sep-16,13-Sep-16,"   ATM WDL-ATM CASH 4863  SBI  PLANT AREA,BHEL. BHOPAL--",,"2,000.00", ,"19,440.27"
13-Sep-16,13-Sep-16,"   ATM WDL-ATM CASH 4878  SBI  PLANT AREA,BHEL. BHOPAL--",,200, ,"19,240.27"
14-Sep-16,14-Sep-16,   ATM WDL-ATM CASH 6182  SBI IOC AUTO HOUSE SECBHOPAL--,,400, ,"18,840.27"
14-Sep-16,14-Sep-16,   ATM WDL-ATM CASH 6183  SBI IOC AUTO HOUSE SECBHOPAL--,,100, ,"18,740.27"
14-Sep-16,14-Sep-16,   ATM WDL-ATM CASH 1226  SBI VIJAY NAGAR MARK  BHOPAL--,,500, ,"18,240.27"
14-Sep-16,14-Sep-16,"   ATM WDL-ATM CASH 7616  GANDHI MARKET,PIPLANI BHOPAL--",,500, ,"17,740.27"
16-Sep-16,16-Sep-16,   DEBIT- CHARGES FOR SMS - QUARTERLY--,,15, ,"17,725.27"
16-Sep-16,16-Sep-16,   TO TRANSFER-INB IRCTC-RAILWAY TICKET BOOK Railway Ticket Booki--,100000605319629IG0CSHTGF5               TRANSFER T,379.84, ,"17,345.43"
18-Sep-16,18-Sep-16,   DEBIT-ICO93444930000000IG0CSHTGF5Commission on IRCTC--,,11.5, ,"17,333.93"
19-Sep-16,19-Sep-16,   POS PRCH-POS 000240380840 AIRPLAZA RETAIL HOLDINGBHOPAL--,,872.04, ,"16,461.89"
20-Sep-16,20-Sep-16,"   ATM WDL-ATM CASH 9859  GANDHI MARKET,PIPLANI BHOPAL--",,600, ,"15,861.89"
20-Sep-16,20-Sep-16,"   ATM WDL-ATM CASH 9860  GANDHI MARKET,PIPLANI BHOPAL--",,400, ,"15,461.89"
21-Sep-16,21-Sep-16,   TO TRANSFER-INB One97 Communications Ltd--,6005890706IG0CSYBIC0               TRANSFER TO 326,"2,615.00", ,"12,846.89"
21-Sep-16,21-Sep-16,   ATM WDL-ATM CASH 4957  SBI  AWADHPURI BHOPAL BHOPAL--,,"2,000.00", ,"10,846.89"
21-Sep-16,21-Sep-16,   ATM WDL-ATM CASH 4989  SBI  AWADHPURI BHOPAL BHOPAL--,,500, ,"10,346.89"
23-Sep-16,23-Sep-16,   TO TRANSFER-INB IRCTC-RAILWAY TICKET BOOK Railway Ticket Booki--,100000613767612IG0CTHFHP5               TRANSFER T,428.92, ,"9,917.97"
23-Sep-16,23-Sep-16,   ATM WDL-ATM CASH 9469  BDA ROAD              BHOPAL--,,400, ,"9,517.97"
24-Sep-16,24-Sep-16,   ATM WDL-ATM CASH 9614  BDA ROAD              BHOPAL--,,500, ,"9,017.97"
25-Sep-16,25-Sep-16,   DEBIT-ICP00981180000000IG0CTHFHP5Commission on IRCTC--,,11.5, ,"9,006.47"
25-Sep-16,25-Sep-16,   CREDIT INTEREST---,, ,118,"9,124.47"
30-Sep-16,30-Sep-16,   ATM WDL-ATM CASH 4288  SBI AWADHPURI BRANCH  BHOPAL--,,200, ,"8,924.47"
01-Oct-16,01-Oct-16,   POS PRCH-POS 040017 SHRI SAI TYRES AND BATBHOPAL--,,220, ,"8,704.47"
03-Oct-16,03-Oct-16,   TO TRANSFER-INB Amazon Seller Services Pv ASSPL Payments--,HSBI4799579980IGAAADOZO3               TRANSFER TO,284.05, ,"8,420.42"
10-Oct-16,10-Oct-16,BY CLEARING / CHEQUE-DTB   0000000000000000000000000000ByClearing223855--223855,223855, ,745,"9,165.42"
14-Oct-16,14-Oct-16,   BY TRANSFER-NEFT*HDFC0000001*N287160196400623*SANJAY CHOUDHARY--,TRANSFER FROM 3199419044300, ,"10,000.00","19,165.42"
15-Oct-16,15-Oct-16,   TO TRANSFER-INB Xiaomi Communications and--,5892633632IGAACBEKX4               TRANSFER TO 459,500, ,"18,665.42"
16-Oct-16,16-Oct-16,   TO TRANSFER-INB Amazon Seller Services Pv ASSPL Payments--,HSBI4832008257IGAACDEWA4               TRANSFER TO,"1,034.00", ,"17,631.42"
17-Oct-16,17-Oct-16,   TO TRANSFER-INB Amazon Seller Services Pv ASSPL Payments--,HSBI4833471884IGAACGAOM6               TRANSFER TO,895, ,"16,736.42"
17-Oct-16,17-Oct-16,   BY TRANSFER-Transfer through GCC--,TRANSFER FROM 10495787702                         , ,"11,000.00","27,736.42"
18-Oct-16,18-Oct-16,   ATM WDL-ATM CASH 1374  SOUMYAA SHOPING COMPLEBHOPAL--,,100, ,"27,636.42"
19-Oct-16,19-Oct-16,   TO TRANSFER-INB Freecharge.in             FREECHARGE Payments--,HSBI4839226720IGAACPICU2               TRANSFER TO,89, ,"27,547.42"
19-Oct-16,19-Oct-16,   BY TRANSFER-NEFT*ICIC0SF0002*1063399325*SMARK TECHNOLOGIES--,TRANSFER FROM 3199683044306, ,"1,200.00","28,747.42"
19-Oct-16,19-Oct-16,   ATM WDL-ATM CASH 5873  SHIVAJI NAGAR BHOPAL  HUZUR--,,200, ,"28,547.42"
19-Oct-16,19-Oct-16,   ATM WDL-ATM CASH 9948  BDA ROAD              BHOPAL--,,100, ,"28,447.42"
21-Oct-16,21-Oct-16,   POS PRCH-POS 000258761662 FUTURE RETAIL LTD      BHOPAL--,,"3,134.00", ,"25,313.42"
21-Oct-16,21-Oct-16,   POS PRCH-POS 171655 PANTALOONS FASHION & RBHOPAL--,,804, ,"24,509.42"
21-Oct-16,21-Oct-16,   POS PRCH-POS 000258913443 AIRPLAZA RETAIL HOLDINGBHOPAL--,,306, ,"24,203.42"
22-Oct-16,22-Oct-16,   ATM WDL-ATM CASH 1135  BDA ROAD              BHOPAL--,,"1,000.00", ,"23,203.42"
23-Oct-16,23-Oct-16,   ATM WDL-ATM CASH 3103  KHAJURI KALAN PIPLUNI CBHOPAL--,,100, ,"23,103.42"
27-Oct-16,27-Oct-16,   TO TRANSFER-INB IRCTC-RAILWAY TICKET BOOK Railway Ticket Booki--,100000642311643IGAADYFWH5               TRANSFER T,973.05, ,"22,130.37"
28-Oct-16,28-Oct-16,   POS PRCH-POS 282844 SHANKAR MEDICAL STORESBHOPAL--,,"1,078.00", ,"21,052.37"
29-Oct-16,29-Oct-16,   DEBIT-ICP37159210000000IGAADYFWH5Commission on IRCTC--,,11.5, ,"21,040.87"
02-Nov-16,02-Nov-16,   BY TRANSFER-INB Refund of IGAADYFWH5---,1000006423116431000001258IXGAAJDXC7               , ,350,"21,390.87"
02-Nov-16,02-Nov-16,   TO TRANSFER-INB IRCTC-RAILWAY TICKET BOOK Railway Ticket Booki--,100000646980635IGAAETJVR2               TRANSFER T,"1,027.84", ,"20,363.03"
03-Nov-16,03-Nov-16,   TO TRANSFER-INB IRCTC-RAILWAY TICKET BOOK Railway Ticket Booki--,100000648229317IGAAEXQFV0               TRANSFER T,854.84, ,"19,508.19"
03-Nov-16,03-Nov-16,   TO TRANSFER-INB IRCTC-RAILWAY TICKET BOOK Railway Ticket Booki--,100000648229998IGAAEXTHK9               TRANSFER T,834.84, ,"18,673.35"
04-Nov-16,04-Nov-16,   DEBIT-ICP43842060000000IGAAETJVR2Commission on IRCTC--,,11.5, ,"18,661.85"
05-Nov-16,05-Nov-16,   DEBIT-ICP44843150000000IGAAEXQFV0Commission on IRCTC--,,11.5, ,"18,650.35"
05-Nov-16,05-Nov-16,   DEBIT-ICP45178390000000IGAAEXTHK9Commission on IRCTC--,,11.5, ,"18,638.85"
05-Nov-16,05-Nov-16,   BY TRANSFER-INB Refund of IGAAEXQFV0---,1000006482293172000002314IXGAAKIEJ1               , ,854.84,"19,493.69"
12-Nov-16,12-Nov-16,   CSH DEP (CDM)-CDMh04010s+HETBRANCHBNA         BHOPAL       MP IN--,, ,"2,000.00","21,493.69"
13-Nov-16,13-Nov-16,   POS PRCH-POS 995410 WWW ACCOUNT FREECHARGEGURGAON--,,100, ,"21,393.69"
17-Nov-16,17-Nov-16,   ATM WDL-ATM CASH 7815  SOUMYAA SHOPING COMPLEBHOPAL--,,500, ,"20,893.69"
18-Nov-16,18-Nov-16,   TO TRANSFER-INB One97 Communications Ltd--,6238866751IGAAHBGPD1               TRANSFER TO 326,"1,321.00", ,"19,572.69"
19-Nov-16,19-Nov-16,   ATM WDL-ATM CASH 6852  SBI  AWADHPURI BHOPAL BHOPAL--,,"1,000.00", ,"18,572.69"
20-Nov-16,20-Nov-16,   POS PRCH-POS 705379 Made Easy Education PvNew Delh--,,643, ,"17,929.69"
21-Nov-16,21-Nov-16,   TO TRANSFER-INB Freecharge.in             FREECHARGE Payments--,HSBI4913134838IGAAHNUXZ9               TRANSFER TO,10, ,"17,919.69"
26-Nov-16,26-Nov-16,   TO TRANSFER-INB IRCTC-RAILWAY TICKET BOOK Railway Ticket Booki--,100000666856719IGAAIELPS1               TRANSFER T,561.84, ,"17,357.85"
27-Nov-16,27-Nov-16,   DEBIT-ICP67545090000000IGAAIELPS1Commission on IRCTC--,,11.5, ,"17,346.35"
27-Nov-16,27-Nov-16,   POS PRCH-POS 662254 PayTm Mobile SolutionsNoida--,,300, ,"17,046.35"
29-Nov-16,29-Nov-16,   ATM WDL-ATM CASH 9555  SBI  AWADHPURI BHOPAL BHOPAL--,,500, ,"16,546.35"
01-Dec-16,01-Dec-16,   TO TRANSFER-INB One97 Communications Limi--,105149199884IGAAJBIHI5               TRANSFER TO 4,328, ,"16,218.35"
02-Dec-16,02-Dec-16,   TO TRANSFER-INB National Securities Depos NAT_SEC Payments--,HSBI4939214721IGAAJDCUY8               TRANSFER TO,111.6, ,"16,106.75"
02-Dec-16,02-Dec-16,   TO TRANSFER-INB IRCTC-RAILWAY TICKET BOOK Railway Ticket Booki--,100000672925387IGAAJFLLY7               TRANSFER T,571.84, ,"15,534.91"
03-Dec-16,03-Dec-16,   ATM WDL-ATM CASH 872   SBI AWADHPURI BRANCH  BHOPAL--,,300, ,"15,234.91"
04-Dec-16,04-Dec-16,   DEBIT-ICP75959440000000IGAAJFLLY7Commission on IRCTC--,,11.5, ,"15,223.41"
05-Dec-16,05-Dec-16,   ATM WDL-ATM CASH 8041  SBI AYODHYA NAGAR     BHOPAL--,,500, ,"14,723.41"
08-Dec-16,08-Dec-16,   ATM WDL-ATM CASH 4868  SBI  TATPAR PETROL PU BHOPAL--,,500, ,"14,223.41"
09-Dec-16,09-Dec-16,   BY TRANSFER-Transfer through GCC--,TRANSFER FROM 10495787702                         , ,"22,000.00","36,223.41"
09-Dec-16,09-Dec-16,   ATM WDL-ATM CASH 2149  HAMIDIA ROAD BR        BHOPAL--,,"1,000.00", ,"35,223.41"
10-Dec-16,10-Dec-16,   POS PRCH-POS 530487 KABULIWALA AWADHPURI  BHOPAL--,,497, ,"34,726.41"
14-Dec-16,14-Dec-16,"   POS PRCH-POS 150205 KFC SAPPHIRE,         BHOPAL--",,677, ,"34,049.41"
15-Dec-16,15-Dec-16,   ATM WDL-ATM CASH 8319  C 110 SAINATH COMPLEX DHAMARRA--,,300, ,"33,749.41"
15-Dec-16,15-Dec-16,   DEBIT- CHARGES FOR SMS - QUARTERLY--,,15, ,"33,734.41"
15-Dec-16,15-Dec-16,   ATM WDL-ATM CASH 8333  C 110 SAINATH COMPLEX DHAMARRA--,,400, ,"33,334.41"
15-Dec-16,15-Dec-16,   ATM WDL-ATM CASH 8335  C 110 SAINATH COMPLEX DHAMARRA--,,"1,000.00", ,"32,334.41"
16-Dec-16,16-Dec-16,   TO TRANSFER-INB Freecharge.in             FREECHARGE Payments--,HSBI4976398460IGAALFXBY7               TRANSFER TO,200, ,"32,134.41"
16-Dec-16,16-Dec-16,   TO TRANSFER-INB Freecharge.in             FREECHARGE Payments--,HSBI4976418536IGAALFYJO5               TRANSFER TO,110, ,"32,024.41"
17-Dec-16,17-Dec-16,   TO TRANSFER-INB Freecharge.in             FREECHARGE Payments--,HSBI4979155218IGAALKERV1               TRANSFER TO,105, ,"31,919.41"
17-Dec-16,17-Dec-16,   TO TRANSFER-INB Freecharge.in             FREECHARGE Payments--,HSBI4979168782IGAALKFFW8               TRANSFER TO,23, ,"31,896.41"
17-Dec-16,17-Dec-16,   TO TRANSFER-INB Freecharge.in             FREECHARGE Payments--,HSBI4979189507IGAALKFPJ9               TRANSFER TO,400, ,"31,496.41"
18-Dec-16,18-Dec-16,   ATM WDL-ATM CASH 9727  C 110 SAINATH COMPLEX DHAMARRA--,,"1,000.00", ,"30,496.41"
19-Dec-16,19-Dec-16,   TO TRANSFER-INB Accelyst Solutions Pvt Lt--,CCADL1DAI704IGAALNVCC5               TRANSFER TO 4,"2,704.00", ,"27,792.41"
22-Dec-16,22-Dec-16,   POS PRCH-POS 409188 Paytm Mobile SolutionsNoida--,,170, ,"27,622.41"
22-Dec-16,22-Dec-16,   POS PRCH-POS 411293 Paytm Mobile SolutionsNoida--,,50, ,"27,572.41"
23-Dec-16,23-Dec-16,   POS PRCH-POS 635820009483 IRCTC--,,"2,540.00", ,"25,032.41"
23-Dec-16,23-Dec-16,   ATM WDL-ATM CASH 9286  SBI VIJAY MARKET BHO  BHOPAL--,,"2,500.00", ,"22,532.41"
25-Dec-16,25-Dec-16,   TO TRANSFER-INB Registrar Rajeev gandhi u--,65351694IGAAMNBRB5               TRANSFER TO 45993,"1,850.00", ,"20,682.41"
25-Dec-16,25-Dec-16,   CREDIT INTEREST---,, ,195,"20,877.41"
26-Dec-16,26-Dec-16,   BY TRANSFER-NEFT*ICIC0SF0002*20117047661DC*SMARK TECHNOLOGIES--,TRANSFER FROM 3199411044308, ,"2,000.00","22,877.41"
,,,,,,
**This is a computer generated statement and does not require a signature,,,,,,
